<ControlAccounts xmlns:xsi="http://www.w3.org/2001/XMLSchema-instance" xsi:noNamespaceSchemaLocation="C:\WIP\AgoraSharedMain\Agora.Shared\Resources\FmsResponse.xsd">
  <Header requestedBy="FMS" responseDateTime="2015-12-01T01:04:26" systemIdentifier="Agora" description="" submissionID="d4bd79d1-59fc-4801-aeb7-23865842690d" source="capita.agora.services.fms" sourceVersion="11.3.35.0" transactionLineCount="10" />
  <Banks>
    <Bank reference="BK1" controlTotal="41.92">
      <!-- Note:
        There will generally be around a week or so "delay" between an order item appearing in an Orders element and when it appears in a Settlements element, which reflects the time interval in Agora
        -->
      <Orders lastRowVersion="8516">
        <!-- Notes:
          id:                     a GUID that will be consistent every time we pass the same order item [schema does not currently restrict the length/content at all]
         +externalReference:      the visible unique reference for the item in various locations within Agora, including parent email and reports [theoretical maximum length 21 characters, although in practice likely to be shorter]
          productReference:       the unique code by which the product is referenced within Agora [maximum length 10 characters; schema does not currently restrict the length at all]
          description:            the visible name of the product within Agora (not its description)  [maximum length 100 characters (rather than description's 1000 characters); schema does not currently restrict the length at all]
          date:                   the date (and time) when the order was logged (this is not necessarily the same date that the transaction was made)
          grossAmount:            value of the product (does not include surcharge or transaction charge)
          vat:                    always "0" at the moment
          vatReference:           always "VAT_EXEMPT" at the moment [schema does not currently restrict the length at all]
         +grossSurcharge:         the specific surcharge notified to Agora, if any; otherwise "0"
         +surchargeReference:     always "SURCHARGE" at the moment
         +surchargeVat:           always "0" at the moment
         +surchargeVatReference:  always "S_VAT_EXEMPT" at the moment
        -->
        <Txn id="C14B5F64-90B3-403A-8223-7113564BDDA4" externalReference="12345678/1" productReference="SCHOOLMEAL" description="School Meal" date="2015-11-29T14:16:31" grossAmount="100.00" vat="0" vatReference="VAT_EXEMPT" grossSurcharge="1.29" surchargeReference="SURCHARGE" surchargeVat="0" surchargeVatReference="S_VAT_EXEMPT" />
        <Txn id="3928D1C2-094C-4B0C-838E-EAA9FCF237A0" externalReference="12345678/2" productReference="SCHOOLMEAL" description="School Meal" date="2015-11-30T14:16:31" grossAmount="100.00" vat="0" vatReference="VAT_EXEMPT" grossSurcharge="1.29" surchargeReference="SURCHARGE" surchargeVat="0" surchargeVatReference="S_VAT_EXEMPT" />
        <Txn id="BCD0CEBC-F4B4-42C6-9C09-597B8BC54663" externalReference="12345679/1" productReference="JUMPER" description="School Jumper" date="2015-12-01T14:16:31" grossAmount="10.00" vat="0" vatReference="VAT_EXEMPT" grossSurcharge="0" surchargeReference="SURCHARGE" surchargeVat="0" surchargeVatReference="S_VAT_EXEMPT" />
        <Txn id="5BFA51FF-1C17-486E-8524-809EC97CDBB9" externalReference="12345679/2" productReference="POLOSHIRT" description="School Polo Shirt" date="2015-12-01T14:16:31" grossAmount="5.00" vat="0" vatReference="VAT_EXEMPT" grossSurcharge="0" surchargeReference="SURCHARGE" surchargeVat="0" surchargeVatReference="S_VAT_EXEMPT" />
        <Txn id="A5EC7E80-5B5C-4142-A918-E40E6D8E3407" externalReference="12345679/3" productReference="BTROUSERS" description="School Trousers (Boys)" date="2015-12-01T14:16:31" grossAmount="9.00" vat="0" vatReference="VAT_EXEMPT" grossSurcharge="0" surchargeReference="SURCHARGE" surchargeVat="0" surchargeVatReference="S_VAT_EXEMPT" />
      </Orders>
      <Settlements lastRowVersion="8516">
        <!-- Notes:
          id:                     a GUID that will be consistent every time we pass the same order item [schema does not currently restrict the length/content at all]
         +externalReference:      the visible unique reference for the item in various locations within Agora, including parent email and reports [theoretical maximum length 21 characters, although in practice likely to be shorter]
         +isCancelation:          normally "false", but will be "true" when the original attempt to make a BACS transfer failed and the original settlement must be cancelled (will subsequently be "redone" with yet another settlement)
         +fileReference:          the unique reference for the file - current format is "DDD, DD MMM YYYY", may also contain a suffix in brackets, eg " (N)" [maximum length 20 characters]
         +bacsReference:          the BACS reference notified to the payment provider - may appear on bank statements [maximum length 18 characters]
         +bacsDescription:        the friendly name the BACS reference is known by in the school [maximum length 100 characters]
          description:            the visible name of the product within Agora (not its description)  [maximum length 100 characters (rather than description's 1000 characters); schema does not currently restrict the length at all]
          date:                   the date (and time) when the settlement was logged (this may not be the same as the date embedded in the fileReference)
          grossAmount:            value of the product (does not include surcharge or transaction charge)
         +grossSurcharge:         the specific surcharge notified to Agora, if any; otherwise "0"
          grossCharges:           the specific transaction charge notified to Agora - could be more that a surcharge because of the may the rates compound
          chargesReference:       always "CHARGE" at the moment [schema does not currently restrict the length at all]
          chargesVat:             always "0" at the moment
          chargesVatReference:    always "C_VAT_EXEMPT" at the moment [schema does not currently restrict the length at all]
        -->
        <Txn id="C14B5F64-90B3-403A-8223-7113564BDDA4" externalReference="12345678/1" isCancelation="false" fileDescription="Tue, 08 Dec 2015" bacsReference="DINNERMONEY" bacsDescription="Dinner Money" description="School Meal" date="2015-12-01T14:16:31" grossAmount="100.00" grossSurcharge="1.29" grossCharges="1.31" chargesReference="CHARGE" chargesVat="0" chargesVatReference="C_VAT_EXEMPT" />
        <Txn id="3928D1C2-094C-4B0C-838E-EAA9FCF237A0" externalReference="12345678/2" isCancelation="false" fileDescription="Tue, 08 Dec 2015" bacsReference="DINNERMONEY" bacsDescription="Dinner Money" description="School Meal" date="2015-12-02T14:16:31" grossAmount="100.00" grossSurcharge="1.29" grossCharges="1.31" chargesReference="CHARGE" chargesVat="0" chargesVatReference="C_VAT_EXEMPT" />
        <Txn id="BCD0CEBC-F4B4-42C6-9C09-597B8BC54663" externalReference="12345679/1" isCancelation="false" fileDescription="Tue, 08 Dec 2015" bacsReference="UNIFORM" bacsDescription="School Uniform" description="School Jumper" date="2015-12-01T14:16:31" grossAmount="10.00" grossSurcharge="0" grossCharges="0.13" chargesReference="CHARGE" chargesVat="0" chargesVatReference="C_VAT_EXEMPT" />
        <Txn id="5BFA51FF-1C17-486E-8524-809EC97CDBB9" externalReference="12345679/2" isCancelation="false" fileDescription="Tue, 08 Dec 2015" bacsReference="UNIFORM" bacsDescription="School Uniform" description="School Polo Shirt" date="2015-12-01T14:16:31" grossAmount="5.00" grossSurcharge="0" grossCharges="0.06" chargesReference="CHARGE" chargesVat="0" chargesVatReference="C_VAT_EXEMPT" />
        <Txn id="A5EC7E80-5B5C-4142-A918-E40E6D8E3407" externalReference="12345679/3" isCancelation="false" fileDescription="Tue, 08 Dec 2015" bacsReference="UNIFORM" bacsDescription="School Uniform" description="School Trousers (Boys)" date="2015-12-01T14:16:31" grossAmount="9.00" grossSurcharge="0" grossCharges="0.12" chargesReference="CHARGE" chargesVat="0" chargesVatReference="C_VAT_EXEMPT" />
      </Settlements>
    </Bank>
    <Bank reference="BK2" controlTotal="0">
      <Orders lastRowVersion="0" />
      <Settlements lastRowVersion="0" />
    </Bank>
  </Banks>
</ControlAccounts>