<ControlAccounts xmlns:xsi="http://www.w3.org/2001/XMLSchema-instance" xsi:noNamespaceSchemaLocation="C:\WIP\AgoraSharedMain\Agora.Shared\Resources\FmsResponse.xsd">
  <Header requestedBy="FMS" responseDateTime="2015-12-01T01:04:26" systemIdentifier="Agora" description="" submissionID="d4bd79d1-59fc-4801-aeb7-23865842690d" source="capita.agora.services.fms" sourceVersion="11.3.35.0" transactionLineCount="1" />
  <Banks>
    <Bank reference="BK1" controlTotal="41.92">
      <Orders lastRowVersion="8516">
        <Txn id="00000000-0000-0000-0000-000000000000" wibble="Wobble" productReferencE="SCHOOLMEAL" description="School Meal" date="2015-11-29T14:16:31" grossAmount="100.00" vat="0" vatReference="VAT_EXEMPT" />
        <Txn id="00000000-0000-0000-0000-000000000000" productReference="SCHOOLMEAL" description="School Meal" date="2015-11-30T14:16:31" grossAmount="100.00" vat="0" vatReference="VAT_EXEMPT" />
      </Orders>
      <Settlements lastRowVersion="8516">
        <Txn id="00000000-0000-0000-0000-000000000000" description="School Meal" date="2015-12-01T14:16:31" grossAmount="100.00" grossCharges="0.30" chargesReference="CHARGE" chargesVat="0" chargesVatReference="C_VAT_EXEMPT" />
        <Txn id="00000000-0000-0000-0000-000000000000" description="School Meal" date="2015-12-02T14:16:31" grossAmount="100.00" grossCharges="1.60" chargesReference="CHARGE" chargesVat="0" chargesVatReference="C_VAT_EXEMPT" />
      </Settlements>
    </Bank>
    <Bank reference="BK2" controlTotal="0">
      <Orders lastRowVersion="0" />
      <Settlements lastRowVersion="0" />
    </Bank>
  </Banks>
</ControlAccounts>