﻿<?xml version="1.0" encoding="utf-8"?>
<scpInvokeResponse xmlns:xsi="http://www.w3.org/2001/XMLSchema-instance" xmlns:xsd="http://www.w3.org/2001/XMLSchema">
  <requestId xmlns="http://www.capita-software-services.com/scp/base">29b68bd4-ff77-4869-a33b-dc3541aac9a5</requestId>
  <scpReference xmlns="http://www.capita-software-services.com/scp/base">gbshpshfq9tnlvi1y8kuu3xxg9iollm</scpReference>
  <transactionState xmlns="http://www.capita-software-services.com/scp/base">IN_PROGRESS</transactionState>
  <invokeResult xmlns="http://www.capita-software-services.com/scp/base">
    <status>SUCCESS</status>
    <redirectUrl>https://sbsctest.e-paycapita.com:443/scp/scpcli?ssk=5lzlyyxt944let0e1jcwesj0lgmim6j</redirectUrl>
  </invokeResult>
</scpInvokeResponse>