﻿<?xml version="1.0" encoding="utf-8"?>
<scpMultiAccountInvokeRequest xmlns:xsi="http://www.w3.org/2001/XMLSchema-instance" xmlns:xsd="http://www.w3.org/2001/XMLSchema">
  <credentials xmlns="https://support.capita-software.co.uk/selfservice/?commonFoundation">
    <subject>
      <subjectType>CapitaPortal</subjectType>
      <identifier>75498363</identifier>
    </subject>
    <requestIdentification>
      <uniqueReference>b57c2a97-f9e6-4f7a-88d5-e14ffc233233</uniqueReference>
      <timeStamp>20160822141001</timeStamp>
    </requestIdentification>
    <signature>
      <algorithm>Original</algorithm>
      <hmacKeyID>456</hmacKeyID>
      <digest>hxO8aSJQhvhT0YifijdFWRKiXHHMb4KdCLdWXXcnFAI=</digest>
    </signature>
  </credentials>
  <requestType xmlns="http://www.capita-software-services.com/scp/base">payOnly</requestType>
  <requestId xmlns="http://www.capita-software-services.com/scp/base">29b68bd4-ff77-4869-a33b-dc3541aac9a5</requestId>
  <routing xmlns="http://www.capita-software-services.com/scp/base">
    <returnUrl>https://127.0.0.1/Store/Checkout/ConfirmPayment?externalId=29b68bd4-ff77-4869-a33b-dc3541aac9a5</returnUrl>
    <backUrl>https://127.0.0.1/Store/Basket/Summary</backUrl>
    <siteId>326</siteId>
    <scpId>75498363</scpId>
  </routing>
  <panEntryMethod xmlns="http://www.capita-software-services.com/scp/base">ECOM</panEntryMethod>
  <additionalInstructions xmlns="http://www.capita-software-services.com/scp/base">
    <responseInterface>scpWebService</responseInterface>
  </additionalInstructions>
  <billing xmlns="http://www.capita-software-services.com/scp/base">
    <cardHolderDetails>
      <cardHolderName>MR JOHN SMITH</cardHolderName>
      <address>
        <address1>Unit 3</address1>
        <address2>Priory Business Park</address2>
        <address3>Cardington</address3>
        <address4>Bedford</address4>
        <county>Bedfordshire</county>
        <country>UK</country>
        <postcode>MK44 3SG</postcode>
      </address>
    </cardHolderDetails>
  </billing>
  <sale xmlns="http://www.capita-software-services.com/scp/multiAccount">
    <saleSummary xmlns="http://www.capita-software-services.com/scp/base">
      <description>Sale Summary</description>
      <amountInMinorUnits>1000</amountInMinorUnits>
    </saleSummary>
    <items>
      <item>
        <itemSummary xmlns="http://www.capita-software-services.com/scp/base">
          <description>School Meals</description>
          <amountInMinorUnits>1000</amountInMinorUnits>
          <reference>SCHOOLMEAL</reference>
        </itemSummary>
        <quantity xmlns="http://www.capita-software-services.com/scp/base">1</quantity>
        <lineId xmlns="http://www.capita-software-services.com/scp/base">95b9a1ba-a0ad-4c1e-8664-8f146c586264</lineId>
        <clientId>AGORATEST1</clientId>
        <bankDetails>
          <sortCode xmlns="http://www.capita-software-services.com/scp/base">775101</sortCode>
          <bacsAccountNumber xmlns="http://www.capita-software-services.com/scp/base">46965368</bacsAccountNumber>
          <bacsReference xmlns="http://www.capita-software-services.com/scp/base">BLUE DINNERS1</bacsReference>
        </bankDetails>
        <transactionChargeMethod>N</transactionChargeMethod>
        <surcharge>
          <fundCode xmlns="http://www.capita-software-services.com/scp/base">N/A</fundCode>
          <reference xmlns="http://www.capita-software-services.com/scp/base">N/A</reference>
          <surchargeInfo xmlns="http://www.capita-software-services.com/scp/base">
            <cardSurchargeRate>
              <surchargeCardType>
                <cardType>DEBIT</cardType>
              </surchargeCardType>
              <surchargeBasis>
                <surchargeRate>1.29</surchargeRate>
              </surchargeBasis>
            </cardSurchargeRate>
            <cardSurchargeRate>
              <surchargeCardType>
                <cardType>CREDIT</cardType>
              </surchargeCardType>
              <surchargeBasis>
                <surchargeRate>1.29</surchargeRate>
              </surchargeBasis>
            </cardSurchargeRate>
          </surchargeInfo>
          <tax xmlns="http://www.capita-software-services.com/scp/base">
            <vat>
              <vatCode>N/A</vatCode>
              <vatRate>0</vatRate>
            </vat>
          </tax>
          <bankDetails>
            <sortCode xmlns="http://www.capita-software-services.com/scp/base">775101</sortCode>
            <bacsAccountNumber xmlns="http://www.capita-software-services.com/scp/base">46965368</bacsAccountNumber>
          </bankDetails>
        </surcharge>
      </item>
    </items>
  </sale>
</scpMultiAccountInvokeRequest>