﻿<?xml version="1.0" encoding="utf-8"?>
<scpMultiAccountQueryResponse xmlns:xsi="http://www.w3.org/2001/XMLSchema-instance" xmlns:xsd="http://www.w3.org/2001/XMLSchema">
  <requestId xmlns="http://www.capita-software-services.com/scp/base">29b68bd4-ff77-4869-a33b-dc3541aac9a5</requestId>
  <scpReference xmlns="http://www.capita-software-services.com/scp/base">gbshpshfq9tnlvi1y8kuu3xxg9iollm</scpReference>
  <transactionState xmlns="http://www.capita-software-services.com/scp/base">COMPLETE</transactionState>
  <storeCardResult xmlns="http://www.capita-software-services.com/scp/base">
    <status>NOT_ATTEMPTED</status>
  </storeCardResult>
  <paymentResult xmlns="http://www.capita-software-services.com/scp/multiAccount">
    <status xmlns="http://www.capita-software-services.com/scp/base">SUCCESS</status>
    <paymentDetails>
      <paymentHeader xmlns="http://www.capita-software-services.com/scp/base">
        <transactionDate>2016-08-22T14:10:40Z</transactionDate>
        <machineCode>00326</machineCode>
        <uniqueTranId>V3NXLBF6GBMP</uniqueTranId>
      </paymentHeader>
      <authDetails xmlns="http://www.capita-software-services.com/scp/base">
        <authCode>102538</authCode>
        <amountInMinorUnits>1013</amountInMinorUnits>
        <maskedCardNumber>471505******0437</maskedCardNumber>
        <cardDescription>VISA</cardDescription>
        <cardType>CREDIT</cardType>
        <merchantNumber>12345678</merchantNumber>
        <expiryDate>1218</expiryDate>
        <continuousAuditNumber>47679</continuousAuditNumber>
      </authDetails>
      <saleSummary>
        <items>
          <itemSummary>
            <lineId xmlns="http://www.capita-software-services.com/scp/base">95b9a1ba-a0ad-4c1e-8664-8f146c586264</lineId>
            <continuousAuditNumber xmlns="http://www.capita-software-services.com/scp/base">47678</continuousAuditNumber>
            <surchargeDetails>
              <fundCode xmlns="http://www.capita-software-services.com/scp/base">N/A</fundCode>
              <reference xmlns="http://www.capita-software-services.com/scp/base">N/A</reference>
              <amountInMinorUnits xmlns="http://www.capita-software-services.com/scp/base">13</amountInMinorUnits>
              <surchargeBasis xmlns="http://www.capita-software-services.com/scp/base">
                <surchargeRate>1.29</surchargeRate>
              </surchargeBasis>
              <continuousAuditNumber xmlns="http://www.capita-software-services.com/scp/base">47678</continuousAuditNumber>
              <vatAmountInMinorUnits xmlns="http://www.capita-software-services.com/scp/base">0</vatAmountInMinorUnits>
            </surchargeDetails>
          </itemSummary>
        </items>
      </saleSummary>
    </paymentDetails>
  </paymentResult>
</scpMultiAccountQueryResponse>