﻿<?xml version="1.0" encoding="utf-8"?>
<scpQueryRequest xmlns:xsi="http://www.w3.org/2001/XMLSchema-instance" xmlns:xsd="http://www.w3.org/2001/XMLSchema">
  <credentials xmlns="https://support.capita-software.co.uk/selfservice/?commonFoundation">
    <subject>
      <subjectType>CapitaPortal</subjectType>
      <identifier>75498363</identifier>
    </subject>
    <requestIdentification>
      <uniqueReference>ccea54b8-21ff-4d4f-a652-d860f68c127a</uniqueReference>
      <timeStamp>20160822141127</timeStamp>
    </requestIdentification>
    <signature>
      <algorithm>Original</algorithm>
      <hmacKeyID>456</hmacKeyID>
      <digest>sYmGm08LTcEXnYTsxEl/mhjFHnh7gp6MsD4CswJ38YI=</digest>
    </signature>
  </credentials>
  <siteId xmlns="http://www.capita-software-services.com/scp/base">326</siteId>
  <scpReference xmlns="http://www.capita-software-services.com/scp/base">gbshpshfq9tnlvi1y8kuu3xxg9iollm</scpReference>
</scpQueryRequest>