<?xml version="1.0" encoding="utf-16"?><refundPaymentInput xmlns:xsi="http://www.w3.org/2001/XMLSchema-instance" xmlns:xsd="http://www.w3.org/2001/XMLSchema"><credentials><subject><subjectType>CapitaSite</subjectType><identifier>326</identifier><systemCode>SPI</systemCode></subject><requestIdentification><uniqueReference>b2b0de68-42e1-40be-b183-c2476d661e13</uniqueReference><timeStamp>20160822143108</timeStamp></requestIdentification><signature><algorithm>Original</algorithm><hmacKeyID>1</hmacKeyID><digest>epmAOOvpvy+41k0qOxJ3LvzTIZw/QmvEjuLeoJJRUuY=</digest></signature></credentials><refundSummary><siteId>326</siteId><refundReference>4a56ccdc-f39a-4792-9097-8cdef6803eac</refundReference><integrator xsi:nil="true" /></refundSummary><refundTarget><uniqueTranId>V3NXLBF6GBMP</uniqueTranId><transactionDate>220816</transactionDate><cardVerification>0437</cardVerification></refundTarget><partialRefund><refundItems><refundItem><continuousAuditNumber>47678</continuousAuditNumber><amountInMinorUnits>0</amountInMinorUnits><refundSurcharge><amountInMinorUnits>13</amountInMinorUnits></refundSurcharge></refundItem></refundItems></partialRefund></refundPaymentInput>