<?xml version="1.0" encoding="utf-16"?><refundPaymentOutput xmlns:xsi="http://www.w3.org/2001/XMLSchema-instance" xmlns:xsd="http://www.w3.org/2001/XMLSchema"><ExtensionData /><status><ExtensionData /><sessionID>49b94167-7389-478a-ab13-04c0fa718efe</sessionID><statusCode>DataIntegrityException</statusCode><statusCodeDescription>Incorrect configuration detected OR expected data missing.</statusCodeDescription></status><refundSummary><ExtensionData /><siteId>326</siteId><refundReference>19eb410d-7812-4ae4-bab8-d9aedd6aa806</refundReference><integrator xsi:nil="true" /></refundSummary></refundPaymentOutput>