<?xml version="1.0" encoding="iso-8859-1"?><report source="ViewSupervisorListReport"><Configuration><School leaNumber="823" schoolNumber="2999" schoolName="WATERS EDGE PRIMARY SCHOOL" /><Report printDateTime="2014-10-17T10:50:11.320" loginName="CSS\mprice" fullName="Mr Mark Price" applicationVersion="7.159" /><DateRange effectiveDate="2014-10-17" /><BaseGroupType code="" description="All" /><BaseGroups /><MealTypes><MealType code="PL" description="Packed Lunch" /></MealTypes><ProviderSchool code="School" description="School Provided" /><ProviderOwn code="Own" description="Own Provided" /><SupervisionIn code="In" description="In School" /><SupervisionOut code="Out" description="Out of School" /><Options ownProvidedMeals="ownProvidedMeals" /><Texts students="Pupils" yearGroup="Year Group" regGroup="Class" /></Configuration><SchoolProvidedInSchools></SchoolProvidedInSchools><SchoolProvidedOutOfSchools></SchoolProvidedOutOfSchools><OwnProvidedInSchools><OwnProvidedInSchool name="Berkley, Jack" baseGroupCode="" yearGroup=" R" regGroup="PINE" mealType="PL" dietaryNeeds="No dairy produce" /></OwnProvidedInSchools><SchoolProvidedInSchoolSummarys><SchoolProvidedInSchoolSummary baseGroupCode="" numberOfMeals="0" /></SchoolProvidedInSchoolSummarys><SchoolProvidedOutOfSchoolSummarys><SchoolProvidedOutOfSchoolSummary baseGroupCode="" numberOfMeals="0" /></SchoolProvidedOutOfSchoolSummarys><OwnProvidedInSchoolSummarys><OwnProvidedInSchoolSummary baseGroupCode="" numberOfMeals="1" /></OwnProvidedInSchoolSummarys><OwnProvidedOutOfSchoolSummarys><OwnProvidedOutOfSchoolSummary baseGroupCode="" numberOfMeals="2" /></OwnProvidedOutOfSchoolSummarys><UnallocatedSummarys><UnallocatedSummary baseGroupCode="" numberOfMeals="435" /></UnallocatedSummarys></report>