﻿<?xml version="1.0" encoding="utf-8"?><scpVersionRequest xmlns:xsi="http://www.w3.org/2001/XMLSchema-instance" xmlns:xsd="http://www.w3.org/2001/XMLSchema"><credentials xmlns="https://support.capita-software.co.uk/selfservice/?commonFoundation"><subject><subjectType>CapitaPortal</subjectType><identifier>75498363</identifier></subject><requestIdentification><uniqueReference>3197a827-d827-4f56-a62e-9cd844a0cc9f</uniqueReference><timeStamp>20160822140958</timeStamp></requestIdentification><signature><algorithm>Original</algorithm><hmacKeyID>456</hmacKeyID><digest>jG8vlwq+0pXYVnbvWjsBfdhOmkzo6W8Wk1VJaMgR/b0=</digest></signature></credentials></scpVersionRequest>