<NotepadPlus>
    <InternalCommands>
        <Shortcut id="41003" Ctrl="yes" Alt="no" Shift="no" Key="115" />
        <Shortcut id="44030" Ctrl="no" Alt="yes" Shift="no" Key="33" />
        <Shortcut id="44031" Ctrl="no" Alt="yes" Shift="no" Key="34" />
        <Shortcut id="49000" Ctrl="no" Alt="no" Shift="no" Key="0" />
        <Shortcut id="41014" Ctrl="no" Alt="no" Shift="no" Key="116" />
    </InternalCommands>
    <Macros>
        <Macro name="Trim Trailing and save" Ctrl="no" Alt="yes" Shift="yes" Key="83">
            <Action type="2" message="0" wParam="42024" lParam="0" sParam="" />
            <Action type="2" message="0" wParam="41006" lParam="0" sParam="" />
        </Macro>
    </Macros>
    <UserDefinedCommands>
        <Command name="Launch in Firefox" Ctrl="no" Alt="no" Shift="no" Key="0">firefox &quot;$(FULL_CURRENT_PATH)&quot;</Command>
        <Command name="Launch in Chrome" Ctrl="no" Alt="no" Shift="no" Key="0">chrome &quot;$(FULL_CURRENT_PATH)&quot;</Command>
        <Command name="Launch in Safari" Ctrl="no" Alt="no" Shift="no" Key="0">safari &quot;$(FULL_CURRENT_PATH)&quot;</Command>
        <Command name="Get php help" Ctrl="no" Alt="yes" Shift="no" Key="112">http://www.php.net/%20$(CURRENT_WORD)</Command>
        <Command name="Google Search" Ctrl="no" Alt="yes" Shift="no" Key="113">http://www.google.com/search?q=$(CURRENT_WORD)</Command>
        <Command name="Wikipedia Search" Ctrl="no" Alt="yes" Shift="no" Key="114">http://en.wikipedia.org/wiki/Special:Search?search=$(CURRENT_WORD)</Command>
        <Command name="Open file" Ctrl="no" Alt="yes" Shift="no" Key="116">$(NPP_DIRECTORY)\notepad++.exe $(CURRENT_WORD)</Command>
        <Command name="Open in another instance" Ctrl="no" Alt="yes" Shift="no" Key="117">$(NPP_DIRECTORY)\notepad++.exe $(CURRENT_WORD) -nosession -multiInst</Command>
        <Command name="Open containing folder" Ctrl="no" Alt="yes" Shift="no" Key="118">explorer $(CURRENT_DIRECTORY)</Command>
        <Command name="Open current dir cmd" Ctrl="no" Alt="yes" Shift="no" Key="119">cmd /K cd $(CURRENT_DIRECTORY)</Command>
        <Command name="Send via Outlook" Ctrl="no" Alt="no" Shift="no" Key="0">outlook /a &quot;$(FULL_CURRENT_PATH)&quot;</Command>
        <Command name="Format XML &amp;Indented" Ctrl="no" Alt="no" Shift="no" Key="0">C:\Utils\FormatXmlIndented &quot;$(FULL_CURRENT_PATH)&quot;</Command>
        <Command name="Format XML &amp;Linear" Ctrl="no" Alt="no" Shift="no" Key="0">C:\Utils\FormatXmlLinear &quot;$(FULL_CURRENT_PATH)&quot;</Command>
    </UserDefinedCommands>
    <PluginCommands>
        <PluginCommand moduleName="Explorer.dll" internalID="0" Ctrl="yes" Alt="no" Shift="yes" Key="69" />
        <PluginCommand moduleName="Explorer.dll" internalID="1" Ctrl="yes" Alt="no" Shift="yes" Key="86" />
        <PluginCommand moduleName="SpellChecker.dll" internalID="0" Ctrl="no" Alt="no" Shift="no" Key="0" />
        <PluginCommand moduleName="SpellChecker.dll" internalID="2" Ctrl="no" Alt="no" Shift="no" Key="0" />
        <PluginCommand moduleName="XMLTools.dll" internalID="11" Ctrl="no" Alt="no" Shift="no" Key="0" />
        <PluginCommand moduleName="XMLTools.dll" internalID="12" Ctrl="yes" Alt="no" Shift="yes" Key="73" />
    </PluginCommands>
    <ScintillaKeys />
</NotepadPlus>
